{
  "version": 1,
  "author": "Anonymous maker",
  "editor": "wokwi",
  "parts": [
    { "type": "board-esp32-devkit-c-v4", "id": "esp", "top": 0, "left": 0, "attrs": {} },
    { "type": "wokwi-dht22", "id": "dht1", "top": -95.7, "left": -111, "attrs": {} },
    { "type": "wokwi-relay-module", "id": "relay1", "top": 29, "left": 124.8, "attrs": {} }
  ],
  "connections": [
    [ "esp:TX", "$serialMonitor:RX", "", [] ],
    [ "esp:RX", "$serialMonitor:TX", "", [] ],
    [ "dht1:VCC", "esp:3V3", "red", [ "v48", "h86.4" ] ],
    [ "dht1:GND", "esp:GND.1", "black", [ "v0" ] ],
    [ "dht1:SDA", "esp:14", "green", [ "v0" ] ],
    [ "relay1:VCC", "esp:5V", "red", [ "h0" ] ],
    [ "relay1:GND", "esp:GND.3", "black", [ "h0" ] ],
    [ "relay1:IN", "esp:5", "green", [ "h0" ] ]
  ],
  "dependencies": {}
}