{
  "version": 1,
  "author": "Anonymous maker",
  "editor": "wokwi",
  "parts": [
    { "type": "wokwi-breadboard", "id": "bb1", "top": -12.6, "left": -141.2, "attrs": {} },
    { "type": "board-esp32-devkit-c-v4", "id": "esp", "top": -9.6, "left": 33.64, "attrs": {} },
    { "type": "wokwi-dht22", "id": "dht1", "top": -162.9, "left": -130.2, "attrs": {} },
    { "type": "wokwi-relay-module", "id": "relay1", "top": -76.6, "left": 86.4, "attrs": {} }
  ],
  "connections": [
    [ "esp:TX", "$serialMonitor:RX", "", [] ],
    [ "esp:RX", "$serialMonitor:TX", "", [] ],
    [ "esp:0", "bb1:27b.j", "", [ "$bb" ] ],
    [ "esp:4", "bb1:27b.i", "", [ "$bb" ] ],
    [ "esp:5", "bb1:27b.f", "", [ "$bb" ] ],
    [ "esp:12", "bb1:17b.i", "", [ "$bb" ] ],
    [ "esp:14", "bb1:17b.h", "", [ "$bb" ] ],
    [ "esp:16", "bb1:27b.h", "", [ "$bb" ] ],
    [ "esp:17", "bb1:27b.g", "", [ "$bb" ] ],
    [ "esp:21", "bb1:27t.d", "", [ "$bb" ] ],
    [ "esp:22", "bb1:27t.a", "", [ "$bb" ] ],
    [ "esp:26", "bb1:17b.f", "", [ "$bb" ] ],
    [ "esp:27", "bb1:17b.g", "", [ "$bb" ] ],
    [ "esp:32", "bb1:17t.e", "", [ "$bb" ] ],
    [ "esp:34", "bb1:17t.c", "", [ "$bb" ] ],
    [ "esp:35", "bb1:17t.d", "", [ "$bb" ] ],
    [ "esp:VP", "bb1:17t.a", "", [ "$bb" ] ],
    [ "esp:VN", "bb1:17t.b", "", [ "$bb" ] ],
    [ "esp:GND.1", "bb1:17b.j", "", [ "$bb" ] ],
    [ "esp:D3", "bb1:bp.13", "", [ "$bb" ] ],
    [ "esp:CMD", "bb1:bn.13", "", [ "$bb" ] ],
    [ "esp:TX", "bb1:27t.b", "", [ "$bb" ] ],
    [ "esp:RX", "bb1:27t.c", "", [ "$bb" ] ],
    [ "esp:GND.3", "bb1:27t.e", "", [ "$bb" ] ],
    [ "esp:D1", "bb1:bp.21", "", [ "$bb" ] ],
    [ "esp:D0", "bb1:bn.21", "", [ "$bb" ] ],
    [ "dht1:VCC", "esp:3V3", "red", [ "v0" ] ],
    [ "dht1:NC", "esp:15", "green", [ "v0" ] ],
    [ "dht1:GND", "esp:GND.1", "black", [ "v0" ] ],
    [ "relay1:VCC", "esp:5V", "red", [ "h0" ] ],
    [ "relay1:GND", "esp:GND.3", "black", [ "h0" ] ],
    [ "relay1:IN", "esp:5", "green", [ "h0" ] ]
  ],
  "dependencies": {}
}